title,description,descriptionHTML,summary,summaryHTML,installs,minInstalls,score,ratings,reviews,histogram,price,free,currency,sale,saleTime,originalPrice,saleText,offersIAP,inAppProductPrice,size,androidVersion,androidVersionText,developer,developerId,developerEmail,developerWebsite,developerAddress,privacyPolicy,developerInternalID,genre,genreId,icon,headerImage,screenshots,video,videoImage,contentRating,contentRatingDescription,adSupported,containsAds,released,updated,version,recentChanges,recentChangesHTML,editorsChoice,appId,url
Among Us,"Play online or over local WiFi with 4-10 players as you attempt to prep your spaceship for departure, but beware as one will be an impostor bent on killing everyone!

Crewmates can win by completing all tasks or discovering and voting the impostor off the ship. 

The Impostor can use sabotage to cause chaos, making for easier kills and better alibis.","Play online or over local WiFi with 4-10 players as you attempt to prep your spaceship for departure, but beware as one will be an impostor bent on killing everyone!<br><br>Crewmates can win by completing all tasks or discovering and voting the impostor off the ship. <br><br>The Impostor can use sabotage to cause chaos, making for easier kills and better alibis.",Join your crewmates in a multiplayer game of teamwork and betrayal!,Join your crewmates in a multiplayer game of teamwork and betrayal!,"100,000,000+",100000000,4.43759,9556641,4765409,"[797637, 175905, 373864, 908754, 7300481]",0,True,USD,False,,,,True,$0.99 - $2.99 per item,76M,4.4,4.4 and up,Innersloth LLC,Innersloth+LLC,support@innersloth.com,https://www.innersloth.com,"PO Box 2532
Redmond, WA 98073",https://www.innersloth.com/privacy.php,6235553311911178709,Action,GAME_ACTION,https://play-lh.googleusercontent.com/VHB9bVB8cTcnqwnu0nJqKYbiutRclnbGxTpwnayKB4vMxZj8pk1220Rg-6oQ68DwAkqO,https://play-lh.googleusercontent.com/T64PAw0DKJYuXZYw57xX6J7DGQ1IDicgSzFTgPTFzMlsMvhyasmPs9ghDqzVHtS9eg,"['https://play-lh.googleusercontent.com/bFKj2NnfSECa6Fwl3U8Z6OqtJvJ1QEw44gJEo3JILoxfA-7MUb7Dn2DHOGursFSAaJoy', 'https://play-lh.googleusercontent.com/PeOr_KZtyG--Xgrgaah1OOY22guLX7cCexRtoobCPMLXtyH92xeKkx4uA7zwQwHKyNc', 'https://play-lh.googleusercontent.com/WNd6G91MYLs9RTaEU8W8ZmHzaB_l5C7dZS2ZWXBTL_gyenvF5V6agvTy-y0k384ESw', 'https://play-lh.googleusercontent.com/02bIKcZTVt5tKNAGzebLoiK61rIuWiUEPCg6_NQq5-khBDJCV6eKC55MXERe6FNsVSI', 'https://play-lh.googleusercontent.com/4VlftIF2PfzbysQUeLn9WL5eu2OyLFyuD-8jg0pL2FUeCvncseKAm1SxEkKdM6THcUA', 'https://play-lh.googleusercontent.com/BdfUDB9TAOGPfcXFC2bXzQl-vVxO27S1mBxc2IsHIelhoV5JC_GVmv8wAAowJ6cgGbs', 'https://play-lh.googleusercontent.com/_wqneI3oALDjSYqnGw2vqCxtgqILfzJ35VdkDv-gRUfQRROM3fV0hr1IiA4SQbDsTzM', 'https://play-lh.googleusercontent.com/itMTid1lVgl5J7C5HKVhgZbxsaXgcxcPgfb1WzDz8vSyCo3hdjmUcJxwGjLhfr2IiF0', 'https://play-lh.googleusercontent.com/piihzdwUuOeeSNKIXL9ADlcOrAt-m0eQS6fhbSqKE3WM8N3yc2mVQ0qt_biRLPY_qA', 'https://play-lh.googleusercontent.com/e03vkq8NlESqjlWt_cJsgkqUigAbEuUwoW3mJk4t6E_q895_o8TBSuM_zYgwZ4d_c5w']",https://www.youtube.com/embed/sYvKjZKunyo?ps=play&vq=large&rel=0&autohide=1&showinfo=0,https://i.ytimg.com/vi/sYvKjZKunyo/hqdefault.jpg,Everyone 10+,"Fantasy Violence, Mild Blood",True,True,"Jun 15, 2018",1606432132,2020.11.17,"Balance changes:
- Comms sabotage hides task arrows
- Comms red light no longer immediately responds to the correct position.

Bug fixes:
- Fix camera flinging on security cams
- Fix inaccurate admin table on Polus
- Fix Polus panels reachable through walls
- Fix solo-complete reactor/seismic exploit
- Fix align engine exploit and softlock",Balance changes:<br>- Comms sabotage hides task arrows<br>- Comms red light no longer immediately responds to the correct position.<br><br>Bug fixes:<br>- Fix camera flinging on security cams<br>- Fix inaccurate admin table on Polus<br>- Fix Polus panels reachable through walls<br>- Fix solo-complete reactor/seismic exploit<br>- Fix align engine exploit and softlock,True,com.innersloth.spacemafia,https://play.google.com/store/apps/details?id=com.innersloth.spacemafia&hl=en&gl=us
Roof Rails,"Catch the rails and slide to the next roof!

Remember that collecting helps you grow your pole

Can you make it to the end?",Catch the rails and slide to the next roof!<br><br>Remember that collecting helps you grow your pole<br><br>Can you make it to the end?,Simple And Fun,Simple And Fun,"10,000,000+",10000000,4.086088,53743,19588,"[7144, 2280, 3990, 5719, 34610]",0,True,XXX,False,,,,True,$3.49 per item,64M,7.0,7.0 and up,VOODOO,VOODOO,contact@voodoo.io,https://www.voodoo.io/,"4 rue Jules Lefebvre, 75009 Paris",https://www.voodoo.io/privacy,8306041507631589049,Casual,GAME_CASUAL,https://play-lh.googleusercontent.com/zdUG6I-OuCwF8Y4KS_61tgxEtUljIYZsjqtFqz9h-hwCnwdLfMJ-ZdrqD-rnm-yWpw,https://play-lh.googleusercontent.com/Hjxt1pYGZTmGdpdmKx-neR-8AwtdKSkQEceTwKayRyL3qhDrNp0hmg1b0oW_15ObkUlP,"['https://play-lh.googleusercontent.com/6faaO1J8hr-yiCfm1j0V-YEmTEQ8mEGtM87PK6p1oaeVQw1hMLCrSWyuSwYL1Pz3YiA', 'https://play-lh.googleusercontent.com/4AUX00fK1RF21pnzA3ZaK9DpEZG21eub6prQRb42quGeUocWjeb6lltDdqEv2n9rTcA', 'https://play-lh.googleusercontent.com/VwZ5BtHtVX314jAU77CDSzDMDSJ_ALPrrTIJb5KtCVpTf4XH9K2EhHnrwIEax0mUXgw', 'https://play-lh.googleusercontent.com/-VDxWvEA0YtOp5zh7Qvr_wLHo8vy5YR4x5ZvXqHvdeMKg4sejn-d7JdO6shU83rcayc', 'https://play-lh.googleusercontent.com/A5L5ddmuIJhVPHHzJPIL3LdYrbcSkdhGLQ11TG8rUdWeZSdAZdndT7YoB9houIltAckX', 'https://play-lh.googleusercontent.com/JFtf9vZEgJXWhqZLccrSRDtgMM_SRdlzdtoBwsmeH9MluX821sKHl-Vqfa_oV3wuQVs', 'https://play-lh.googleusercontent.com/7aTmJmxn0gvGSBHB87iWRJ2OIzgbs0VEwNLQdKkf3CDju0ixfMhatDti9kPfinhfVMvE', 'https://play-lh.googleusercontent.com/Uhp8Pg5kDp3y9oSkJgXqBmGUxpSK-gFhFh3aMjFYP4otAGCKs5zRzZF6yjEbmhR6mg', 'https://play-lh.googleusercontent.com/O_Zzp-ZV1cjjPR065ZZIoZ9fpP3JAOVyv1NbaD6EeQOqtKu7BqGLQ8mgC5Rt439J190', 'https://play-lh.googleusercontent.com/V4LwqHcz1-O36uAh4MsclICXGicjCGuQ0th8kN3YvcOntGjzaxMA9n2kl_qCfCNobg', 'https://play-lh.googleusercontent.com/19E7x5Y0XfkoLKwv9J9bsCL2dEwh1qAMawOamNVsSjKKLcjqCw19_TvLVkIOXCLrh2U', 'https://play-lh.googleusercontent.com/4FCQKdWMdkXdLs9f5Z0ZlplVMULNK0B-iso_fjRq9LHWXUET8sO3eX49b8lKVZ6By-s', 'https://play-lh.googleusercontent.com/GU5ZQa1D5j5BBeKLG3fdYyvHUf36p60z8pLf-rrvEnotVUCXeeG0z6zQ-rOUIaH6N8k', 'https://play-lh.googleusercontent.com/UEQ6pD91dcMK8EchFUfz4Z8mGqDN_gbmIQgoN2dYY1KJf-xD0dRzNqqjVedLTQ5fwA', 'https://play-lh.googleusercontent.com/RvlE569d8JTLypKaGY2ayab-Pl55gaUixzM2H_Y0m63WNRYNhyibixY4C8R2c3W8Mjw1']",,,Everyone,,True,True,"Oct 27, 2020",1608311496,1.4.3,Fixed a few bugs,Fixed a few bugs,False,com.pixelbox.roofrails,https://play.google.com/store/apps/details?id=com.pixelbox.roofrails&hl=en&gl=us
Sushi Roll 3D - Cooking ASMR Game,"Slice, chop, and roll your way to sushi success in this satisfying cooking game. The more sushi you roll, the happier your customers will be and the more money your restaurant will make! üòÅ

<b>NOW YOU‚ÄôRE COOKING!</b>

Sharpen your knife skills on all sorts of Japanese dishes. üç£ But the cooking fun doesn‚Äôt stop there! You can keep unlocking new actions as you advance to add tons of captivating new mini-games to your gameplay experience.

Satisfy customers by making quality food fast with a variety of fixings, and watch them react with lots of likes and a big cash tip ü§ë ‚Äî or anger at poorly made food üò°. When making sushi, be sure to pick up the right ingredients and avoid obstacles to deliver the most delicious meals. Be careful: no guest wants too much seaweed and too little fish ‚Äî or worse, thumbtacks and moldy cheese in their sushi! üò±ü§¢

<b>SUSHI AND CHILL</b>

As you slash through fun levels in the game, you‚Äôll cut through your worries in real life! Feast your eyes and ears on anti-stress ASMR vibes while you work your way to master sushi chef. With its charming graphics and optional vibration, this relaxing game will have you dreaming of sushi! üò¥

<b>GAME FEATURES:</b>

‚òÖ Beat increasingly challenging levels to earn more cash and unlock new fillings and toppings. This cooking and restaurant management game is sure to keep you coming back for seconds!

‚òÖ Level up your sushi skills to earn better Surprise Box rewards üéÅ, including new ingredients, cutting tools, and actions. You can also earn more skins to customize your gameplay!

‚òÖ Roll and chop sushi, scale and slice fish, grate cheese, make rice, weigh out noodles in take-out boxes, and more in different mini-games that never get old. üç§üçöüçú

‚òÖ Work with the classic ingredients of fish, rice, and seaweed, and earn special toppings as you progress, including chili peppers, durian fruit, and caviar. Combine your options to make different types of dishes, including maki, sashimi, nigiri, noodles, and more.

‚òÖ Upgrade your restaurant with new furniture, dishware, decorations, and accessories to increase your revenue per minute. üçΩÔ∏è The more levels you complete, the more options you‚Äôll have for chopping: why slice with a plain old knife üî™ when you could hack with an ax ü™ì or gnaw with a chainsaw?

‚òÖ Test your skills in entertaining bonus levels with wild and unexpected ingredients. Roll out the red carpet for VIP guests by making sushi and other dishes with fun objects like cash, gold, bling, gadgets, computer chips, honeycomb and more. Don‚Äôt forget to top it off with diamonds and rubies!

‚òÖ Relax and enjoy this ASMR game with anti-stress sounds, visuals, and tasty virtual treats. Who knew sushi could be so soothing?

‚òÖ Check out the in-game store to buy special bonuses and upgrades.

‚òÖ The user-friendly and easy-to-learn interface makes it easy to jump in and get rolling.

What other game can serve you tasty sushi, engaging and satisfying gameplay, a chill ASMR atmosphere, and the opportunity to run your own restaurant? Once you find yourself on a roll, you won‚Äôt be able to put this game down!

Well, what are you waiting for? Step up to the cutting board and start cooking! Chop-chop! 

<u>Download the game now and get your sushi on! üòÑüç£</u>","Slice, chop, and roll your way to sushi success in this satisfying cooking game. The more sushi you roll, the happier your customers will be and the more money your restaurant will make! üòÅ<br><br><b>NOW YOU‚ÄôRE COOKING!</b><br><br>Sharpen your knife skills on all sorts of Japanese dishes. üç£ But the cooking fun doesn‚Äôt stop there! You can keep unlocking new actions as you advance to add tons of captivating new mini-games to your gameplay experience.<br><br>Satisfy customers by making quality food fast with a variety of fixings, and watch them react with lots of likes and a big cash tip ü§ë ‚Äî or anger at poorly made food üò°. When making sushi, be sure to pick up the right ingredients and avoid obstacles to deliver the most delicious meals. Be careful: no guest wants too much seaweed and too little fish ‚Äî or worse, thumbtacks and moldy cheese in their sushi! üò±ü§¢<br><br><b>SUSHI AND CHILL</b><br><br>As you slash through fun levels in the game, you‚Äôll cut through your worries in real life! Feast your eyes and ears on anti-stress ASMR vibes while you work your way to master sushi chef. With its charming graphics and optional vibration, this relaxing game will have you dreaming of sushi! üò¥<br><br><b>GAME FEATURES:</b><br><br>‚òÖ Beat increasingly challenging levels to earn more cash and unlock new fillings and toppings. This cooking and restaurant management game is sure to keep you coming back for seconds!<br><br>‚òÖ Level up your sushi skills to earn better Surprise Box rewards üéÅ, including new ingredients, cutting tools, and actions. You can also earn more skins to customize your gameplay!<br><br>‚òÖ Roll and chop sushi, scale and slice fish, grate cheese, make rice, weigh out noodles in take-out boxes, and more in different mini-games that never get old. üç§üçöüçú<br><br>‚òÖ Work with the classic ingredients of fish, rice, and seaweed, and earn special toppings as you progress, including chili peppers, durian fruit, and caviar. Combine your options to make different types of dishes, including maki, sashimi, nigiri, noodles, and more.<br><br>‚òÖ Upgrade your restaurant with new furniture, dishware, decorations, and accessories to increase your revenue per minute. üçΩÔ∏è The more levels you complete, the more options you‚Äôll have for chopping: why slice with a plain old knife üî™ when you could hack with an ax ü™ì or gnaw with a chainsaw?<br><br>‚òÖ Test your skills in entertaining bonus levels with wild and unexpected ingredients. Roll out the red carpet for VIP guests by making sushi and other dishes with fun objects like cash, gold, bling, gadgets, computer chips, honeycomb and more. Don‚Äôt forget to top it off with diamonds and rubies!<br><br>‚òÖ Relax and enjoy this ASMR game with anti-stress sounds, visuals, and tasty virtual treats. Who knew sushi could be so soothing?<br><br>‚òÖ Check out the in-game store to buy special bonuses and upgrades.<br><br>‚òÖ The user-friendly and easy-to-learn interface makes it easy to jump in and get rolling.<br><br>What other game can serve you tasty sushi, engaging and satisfying gameplay, a chill ASMR atmosphere, and the opportunity to run your own restaurant? Once you find yourself on a roll, you won‚Äôt be able to put this game down!<br><br>Well, what are you waiting for? Step up to the cutting board and start cooking! Chop-chop! <br><br><u>Download the game now and get your sushi on! üòÑüç£</u>",Enjoy making sushi in the amazing relaxing game! Cooking has never been so fun!,Enjoy making sushi in the amazing relaxing game! Cooking has never been so fun!,"10,000,000+",10000000,3.9810984,91677,41213,"[14378, 4209, 7135, 8999, 56956]",0,True,USD,False,,,,False,,74M,5.0,5.0 and up,SayGames,SayGames,summervibesgames@gmail.com,,"220088, Republic of Belarus, Minsk, Antonovskaya 14b, office 300",https://www.mopub.com/en/legal/privacy,6298813763312919073,Simulation,GAME_SIMULATION,https://play-lh.googleusercontent.com/eaRs7vo6wLz1XdsxE68SFYpYXxZfflLrxYVFscMZEaFiKQJCeHIY68wFPAlq-gDPVHZt,https://play-lh.googleusercontent.com/aRBB0cFa8O7uVcBPwQULWxnRIHYKzluPOm68c9TLwCOwJlWyRiVvh2-E5VMDmj56zFs,"['https://play-lh.googleusercontent.com/805QwF-G34-7MhH18pA0p8nkbYZzrlGetsuTiO9vtqVVG9eiLV3ykwp6bsmY7WSvPw', 'https://play-lh.googleusercontent.com/gi8Gzcl1yhWbIl-N98A3S2j2Wsl2Xx_O1svD6yX_12r-vP7wPdnOrnsyszTacxxIAS0Z', 'https://play-lh.googleusercontent.com/ikWr03sjbOgmdxn_xJNn8onyFpejXR-u4rMmEOzwY0oAVX5F_uAnIbZTFScjmc0y_P4', 'https://play-lh.googleusercontent.com/GnQpk8q3wT9DJFv6JvwrJPTJYtYQFxjjSxJZOl6zl2PhE3cwL4qfw3OORgU0_TDP_A', 'https://play-lh.googleusercontent.com/yEESDj94Jd5B14HW7c5742GURkIMYhaqyBWA1obGHDR53SDp0FwjLlsi7cXW3ZCP9vDK']",,,Everyone,,True,True,"Jul 12, 2020",1609341810,1.0.34,10+ new ingredients and characters,10+ new ingredients and characters,False,com.sushirolls.app,https://play.google.com/store/apps/details?id=com.sushirolls.app&hl=en&gl=us
Imposter Solo Kill,"Imposter solo kill is a fun and engaging puzzle game. Your mission is simple: Execute all living crewmates in the spaceship. Let no one survive.

‚òÖ HOW TO PLAY:
- Tap to move around the ship, kill the crewmates, and sabotage the objects.
- When you kill everyone without getting noticed, the level is completed.

‚òÖ FEATURES:
- Incredibly simple to understand.
- One finger control
- Countless challenges from easy to expert.
- Absolute free to play.","Imposter solo kill is a fun and engaging puzzle game. Your mission is simple: Execute all living crewmates in the spaceship. Let no one survive.<br><br>‚òÖ HOW TO PLAY:<br>- Tap to move around the ship, kill the crewmates, and sabotage the objects.<br>- When you kill everyone without getting noticed, the level is completed.<br><br>‚òÖ FEATURES:<br>- Incredibly simple to understand.<br>- One finger control<br>- Countless challenges from easy to expert.<br>- Absolute free to play.",Let no one survive!,Let no one survive!,"10,000,000+",10000000,3.783955,93345,52252,"[20195, 4178, 6353, 7488, 55131]",0,True,XXX,False,,,,True,$0.99 - $99.99 per item,88M,5.0,5.0 and up,IEC Games Australia,IEC+Games+Australia,iecgames.au@gmail.com,https://iecgames.com.au/,"SUITE 1A LEVEL 2 , 802-808 PACIFIC HIGHWAY
GORDON NSW 2072",http://iecgames.com.au/privacy-policy/,6659692879209200151,Puzzle,GAME_PUZZLE,https://play-lh.googleusercontent.com/WrD2a9iIWTDmIfUz0_WYZxSZI9gUGjZXJszBi8D8jEzKn8UVu-J8625OQ5vzZxQdT7Y,https://play-lh.googleusercontent.com/053tTLGxPd74G6O9v-mCSc2Eqp_0B-OQZ2y4jr2WSUXYvvzf_IvOR85g0OWegBoRtA,"['https://play-lh.googleusercontent.com/pFJWtxT5IXNsgTFU8shC5gOWr1Ur53CPIk3tb3khZMVCYWiLdyaqJkYcjjkWsPI5nrc', 'https://play-lh.googleusercontent.com/fvt57yTui_Ov9_7vPMn2DQvYHeAslH-IKkXj46TNBbhD7xYnFT_2-B2mpZsBFYhH9A', 'https://play-lh.googleusercontent.com/_SJmmhZfWQTUFfCVeKDYTpYW3JgnCAM9GafehEGlsrpOtaxnQu8_LCS1DGCSxy4TIw', 'https://play-lh.googleusercontent.com/FqXGL0Ia6-NfgAV3xMXN8JZ1XMa6tMFYd0mwrWKdQlnz0QeVqpEfJWt7WKWy3aTkmf8G', 'https://play-lh.googleusercontent.com/XUa8BABS-0W_MVvSdkfDBQLPADV5AtRdm9Ec2j2pmLoQmJOGqt0yrrpSDfvFTfx4PQ', 'https://play-lh.googleusercontent.com/s5TQq7T1dVsaLqEqvQysZ9sNJeI78HfuS9R6kLkWEWgT6m6aoVdYSac8aRRQaE416xGA', 'https://play-lh.googleusercontent.com/TOVGrbMlVX8vPXqYs16ZNOKHFBUZVKScBuHDW38ilfC7mUo8Nipbpkicmhhd4vs7ykXr', 'https://play-lh.googleusercontent.com/_RGqAIezahnscMd3pBP4sDrBbVnPFhvS-Vppdi1vg36ch3voUO_HYw8838tmRDI9_Ejh']",,,Teen,"Violence, Blood",True,True,"Nov 30, 2020",1609407904,1.9," - New Features.
 - Fix Bugs.", - New Features.<br> - Fix Bugs.,False,com.iec.imposter.solo.kill,https://play.google.com/store/apps/details?id=com.iec.imposter.solo.kill&hl=en&gl=us
Gear Race 3D,"Shift the gear at the right time and beat your rivals in Gear Race 3D! Start shifting right now to become the Gear Race 3D world champion!

FEATURES
‚óâ Speed up your car faster than other racers to win.
‚óâ Upgrade your car speed and gearbox level to beat better racers each level.
‚óâ Shift the gearbox right time otherwise your car engine will be overheated and explode! Upgrade your engine cooler to prevent explosion.
‚óâ Challenge boss opponents every 5 levels. Remember, you will get their keys if you win!
‚óâ Join live tournaments and win exclusive cars & earn money.
‚óâ Pass the finish line as fast as possible so you can earn extra amount of money.

HIGHLIGHTS
‚óâ Tap-only one finger shifting control.
‚óâ Easy yet challenging car race 3d gameplay.
‚óâ Attractive Graphics & Addictive car race 3d gameplay
‚óâ No wifi connection required. You can start shifting offline anywhere anytime.
‚óâ No unnecessary sounds and other weird visual car race 3d effects

PICK YOUR DREAM CAR
Upgrade your car to speed up faster and gear up at the right time! Progress more to stock up your garage with most popular cars.

BECOME A STREET LEGEND
Start your racing games journey with over 200 levels to play! Become a legend racer and rule the streets !

BOOST YOUR SPEED WITH TURBO ENGINE
Use nitro to boost your speed if you are having trouble to beat your opponent! You can also use nitro & turbo in the beginning of the race in order to take early advantage against the other racers.


Gear Race 3D , published by Rollic Games , is exclusive for manual gearbox fans and for those who describe themselves as a pro gear shifter & racer in car racing games ! Challenge all pro car racing opponents around the world, join tournaments with fancy cars.

Rollic , as a publisher of biggest titles worldwide, offers unique gameplay with Gear Race 3D. If you are tired with other boring racing games & car games , try Gear Race ! Start racing now!","Shift the gear at the right time and beat your rivals in Gear Race 3D! Start shifting right now to become the Gear Race 3D world champion!<br><br>FEATURES<br>‚óâ Speed up your car faster than other racers to win.<br>‚óâ Upgrade your car speed and gearbox level to beat better racers each level.<br>‚óâ Shift the gearbox right time otherwise your car engine will be overheated and explode! Upgrade your engine cooler to prevent explosion.<br>‚óâ Challenge boss opponents every 5 levels. Remember, you will get their keys if you win!<br>‚óâ Join live tournaments and win exclusive cars &amp; earn money.<br>‚óâ Pass the finish line as fast as possible so you can earn extra amount of money.<br><br>HIGHLIGHTS<br>‚óâ Tap-only one finger shifting control.<br>‚óâ Easy yet challenging car race 3d gameplay.<br>‚óâ Attractive Graphics &amp; Addictive car race 3d gameplay<br>‚óâ No wifi connection required. You can start shifting offline anywhere anytime.<br>‚óâ No unnecessary sounds and other weird visual car race 3d effects<br><br>PICK YOUR DREAM CAR<br>Upgrade your car to speed up faster and gear up at the right time! Progress more to stock up your garage with most popular cars.<br><br>BECOME A STREET LEGEND<br>Start your racing games journey with over 200 levels to play! Become a legend racer and rule the streets !<br><br>BOOST YOUR SPEED WITH TURBO ENGINE<br>Use nitro to boost your speed if you are having trouble to beat your opponent! You can also use nitro &amp; turbo in the beginning of the race in order to take early advantage against the other racers.<br><br><br>Gear Race 3D , published by Rollic Games , is exclusive for manual gearbox fans and for those who describe themselves as a pro gear shifter &amp; racer in car racing games ! Challenge all pro car racing opponents around the world, join tournaments with fancy cars.<br><br>Rollic , as a publisher of biggest titles worldwide, offers unique gameplay with Gear Race 3D. If you are tired with other boring racing games &amp; car games , try Gear Race ! Start racing now!",Overtake everyone,Overtake everyone,"5,000,000+",5000000,3.6876445,24621,3843,"[5325, 1309, 2340, 2403, 13244]",0,True,XXX,False,,,,False,,79M,5.0,5.0 and up,Zynga,6690081412016968981,info@rollicgames.com,http://rollicgames.com,"699 8th Street, San Francisco. CA",http://rollicgames.com/privacy,6690081412016968981,Racing,GAME_RACING,https://play-lh.googleusercontent.com/dZspEcYunwFLgHriBa9oWlYk91i6xagO31lP5fq0yCaOXUtEL64PtiXZCZJcxxvUUxA,https://play-lh.googleusercontent.com/CkNhcKTUeR6iwsWZl_19BvOwTmijSSsKAbBvl3mlneWG7NUMg7lzf7loqx9d-EY5d6s,"['https://play-lh.googleusercontent.com/EsGgc7tBsVBoN2TAVgHr0eC0N4l6dEq7HEzOsmq7n8aXXxDoMnoq8NphiCS1PeZCQkA', 'https://play-lh.googleusercontent.com/qpm2yAyAAEqWqdvtwspf2rPcKeKseIADtp9MGT75-Jp0bRLkCsUQToa8SBiozG0VSHzU', 'https://play-lh.googleusercontent.com/ZeWuy3VAHSiYCOmYvBv7BwSZ6B8eEUA41Xk67kSCkqEOQ249axDctiyneQHgHm5J9TYV', 'https://play-lh.googleusercontent.com/JpZsOcwmgOUXR4gvfrPvlOzEa8o6JSmS0imcRn893g06HyIiZ_YBSB1IVk8r8WQKZQ', 'https://play-lh.googleusercontent.com/Gk1l3reKlhewc7dR1spAO7yPr325tPjFhMLgerxMXei6OoQj96ZHNseufDq0-FUJ3ALN', 'https://play-lh.googleusercontent.com/nhLY559HDfVIESZ7Wp-1L2MNFHUsaCAXblrizQ_xZWPAPb5FcBikRcOMDzuIlYVC3rU', 'https://play-lh.googleusercontent.com/1aOEo96rWNy7VEwdJMboUu4bZ1vKWoWcYEbz-Rv8kMXSoiQpdqOlhuamo-ShLHzmDQ', 'https://play-lh.googleusercontent.com/Q3hyXQjk2Oi2D4EDFeTSesFw48Pd1SLaNPy9v7qGwp6g41FCOWjX2sDqUT91L3VGjWP_', 'https://play-lh.googleusercontent.com/8N6vFqOs4YWht-kyL9HvDWFPn49K9MHSQGZ4qXnvSoVLHEaT5niofqTqayemUh5fpCuR']",,,Everyone,,True,True,"Dec 15, 2020",1609931353,1.3,Bug Fixes,Bug Fixes,False,com.lebleby.gearrace3d,https://play.google.com/store/apps/details?id=com.lebleby.gearrace3d&hl=en&gl=us
Wacky Run,"Welcome to Wacky Run, the ultimate obstacle race in 3D! Challenge other players in hundreds of insane levels!

LEARN to play in 1 second!
DISCOVER new levels every week!","Welcome to Wacky Run, the ultimate obstacle race in 3D! Challenge other players in hundreds of insane levels!<br><br>LEARN to play in 1 second!<br>DISCOVER new levels every week!",Only 1% reach level 99,Only 1% reach level 99,"5,000,000+",5000000,3.958113,19567,7472,"[3218, 1018, 1311, 1837, 12183]",0,True,XXX,False,,,,True,$3.49 per item,97M,5.0,5.0 and up,VOODOO,VOODOO,contact@h8hames.com,https://www.voodoo.io/,"4 rue Jules Lefebvre, 75009 Paris",https://www.voodoo.io/privacy,8306041507631589049,Action,GAME_ACTION,https://play-lh.googleusercontent.com/qwIauS18iPxb0wd4-TvrvvGVOOdtBXOjcX2iRRcJjEJUiS0qiQWFtluGtj1nJoNp6xRO,https://play-lh.googleusercontent.com/NLgaXEfnYd9AS8Q8vUasL5Kyu0lzZYYEc8MlN7o6hGCeIN77PwfGlB6mchqhw_Bskw,"['https://play-lh.googleusercontent.com/AygqMaHyhYBKKO2iwvON8MQxukxCX1WOXIw3Opktixnq0le9ZPOSiHxZZ9NIy4Rtyec', 'https://play-lh.googleusercontent.com/-ktAeLiU9M__dDViLjS1t7m6JePhe2yJRhf_jJm2KSK8ZuwBoJDizn2-u63EBKJ_yNc', 'https://play-lh.googleusercontent.com/hcsGjkEr4OPbNKazU8Zksqu5ewGIj3Zp31SuHhA8aQBx2pIzT8BUHq7u7y4c4_0qNZkQ', 'https://play-lh.googleusercontent.com/UJXzMMfQHS7ShYUC0EYQK2RWrBP4f6smyGv0oHjdCtv30zO7LaGbjYcjS1gVAG8fEc8', 'https://play-lh.googleusercontent.com/OaXelGaDf3ZeNqXSAfRk1R-HEk1VxK1X5lcSeK7TS0IL5EANLGxsuujnJTV160kcvA', 'https://play-lh.googleusercontent.com/in1wUQRT4sdXQwq1JBL0rKBSgqHM_0wR9JeZ7XOku6UXtOo80eAWG7t20_f-MfmQpa0', 'https://play-lh.googleusercontent.com/pbNjZXmICl5wyxOj2x9ixowAE96Us-3ZDt3VWIX8SW9nsy0OsmjJPbw_WYXFbS26bsU', 'https://play-lh.googleusercontent.com/ayx2HNpYgnuSPcjJk3zudx2BJz5sikhQarasMAVowWeNGxA5Jo5lVoO9DWD53ew5Rs8']",,,Teen,"Violence, Blood",True,True,"Nov 6, 2020",1608546055,1.4.2,,,False,com.h8games.DoodleRun3D,https://play.google.com/store/apps/details?id=com.h8games.DoodleRun3D&hl=en&gl=us
Roblox,"Roblox is the ultimate virtual universe that lets you play, create, and be anything you can imagine. Join millions of players and discover an infinite variety of immersive worlds created by a global community! 

Already have an account? Log in with your existing Roblox account and play now! 

MILLIONS OF WORLDS TO EXPLORE

In the mood for an epic role-playing adventure? Want to compete against rivals worldwide? Or do you just want to hang out and chat with your friends online? A growing library of worlds created by the community means there‚Äôs always something new and exciting for you to play every day. 

PLAY TOGETHER ANYTIME, ANYWHERE

Take the fun on the go. Roblox features full cross-platform support, meaning you can play with your friends and millions of other people on their computers, mobile devices, Xbox One, or VR headsets. 

BE ANYTHING YOU CAN IMAGINE

Be creative and show off your unique style! Customize your avatar with tons of hats, shirts, faces, gear, and more. With an ever-expanding catalog of items, there‚Äôs no limit to the looks you can create.

CHAT WITH FRIENDS

Hang out with friends around the world using chat features, private messages, and groups!

CREATE YOUR OWN WORLDS: https://www.roblox.com/develop
SUPPORT: https://en.help.roblox.com/hc/en-us
CONTACT: https://corp.roblox.com/contact/
PRIVACY POLICY: https://www.roblox.com/info/privacy
PARENT‚ÄôS GUIDE: https://corp.roblox.com/parents/

PLEASE NOTE: A network connection is required to play. Roblox works best over Wi-Fi.","Roblox is the ultimate virtual universe that lets you play, create, and be anything you can imagine. Join millions of players and discover an infinite variety of immersive worlds created by a global community! <br><br>Already have an account? Log in with your existing Roblox account and play now! <br><br>MILLIONS OF WORLDS TO EXPLORE<br><br>In the mood for an epic role-playing adventure? Want to compete against rivals worldwide? Or do you just want to hang out and chat with your friends online? A growing library of worlds created by the community means there‚Äôs always something new and exciting for you to play every day. <br><br>PLAY TOGETHER ANYTIME, ANYWHERE<br><br>Take the fun on the go. Roblox features full cross-platform support, meaning you can play with your friends and millions of other people on their computers, mobile devices, Xbox One, or VR headsets. <br><br>BE ANYTHING YOU CAN IMAGINE<br><br>Be creative and show off your unique style! Customize your avatar with tons of hats, shirts, faces, gear, and more. With an ever-expanding catalog of items, there‚Äôs no limit to the looks you can create.<br><br>CHAT WITH FRIENDS<br><br>Hang out with friends around the world using chat features, private messages, and groups!<br><br>CREATE YOUR OWN WORLDS: https://www.roblox.com/develop<br>SUPPORT: https://en.help.roblox.com/hc/en-us<br>CONTACT: https://corp.roblox.com/contact/<br>PRIVACY POLICY: https://www.roblox.com/info/privacy<br>PARENT‚ÄôS GUIDE: https://corp.roblox.com/parents/<br><br>PLEASE NOTE: A network connection is required to play. Roblox works best over Wi-Fi.","Roblox lets you play, create, and be anything you can imagine.","Roblox lets you play, create, and be anything you can imagine.","100,000,000+",100000000,4.410666,18385505,11417642,"[1682507, 357588, 709730, 1612949, 14022731]",0,True,USD,False,,,,True,$0.49 - $199.99 per item,95M,4.4,4.4 and up,Roblox Corporation,5360036014478858866,info@roblox.com,http://www.roblox.com,"970 Park Place
San Mateo, CA 94403
(USA)",http://www.roblox.com/info/Privacy.aspx,5360036014478858866,Adventure,GAME_ADVENTURE,https://play-lh.googleusercontent.com/R5hLCLt947e0R9q0KZJeMQJu-zkeB601mKyJqYZIvb1sVz0xgplkH0etKIvZOmlRXDU,https://play-lh.googleusercontent.com/3QAgSY5a64aDHgXNRYJJCB5vpg3E3b74741VfSUlDxY2dcENKM1lmbWsu5jazYdo_kY,"['https://play-lh.googleusercontent.com/sM1bmvALGL6yYh_UnXomtkIgO9IzoVSi5Jbo9SIPcv9p73jR5S1Xz1K-0VFZwpkcgQ', 'https://play-lh.googleusercontent.com/3I0i_3snKuUm29aQzHUlD9GPf0TQDzDWIysTezawoQ85EjmOPgET3QWSFdyxIGKpqtLb', 'https://play-lh.googleusercontent.com/RpLp8_hRTNoo3bXP7SGKciuelAxkh_ktHZBQABU0L-6iipnHNRRvaBub9abe_2p3teU', 'https://play-lh.googleusercontent.com/6KagyFBJdcdXVf_HmKxzF6s2Ry_ZJA1btFPXdRK1nNZBXQDamjZg_o-1RhL-UkYXdUzo', 'https://play-lh.googleusercontent.com/TIGF-2XLjj1QJGFQfjCimjugfZ-W2aIayR_pH2HRVM8auaEfkJMOba29yfoDn4HpdQ', 'https://play-lh.googleusercontent.com/kYgK0pXR5nKg4bnGI6enTesGySbUJHwe_OMnduql6kcTStzlKTW58MryRa-YoLBEX74', 'https://play-lh.googleusercontent.com/J6aV7H_gzCytyg7HvoiZ2KlUL0QT6ulKxJIYRvRkPVHFUmhF5wBxgA3gRtdDARX6pNAI', 'https://play-lh.googleusercontent.com/cdvtw2Rja2sltSKoigxErsLdr2Lgjj81QxIETXZG1OKL6eBQTJheJ_kiigyeR5CrHR3d', 'https://play-lh.googleusercontent.com/f2MTMtnqIQQJjOjhf0XLgUmHVad1naiWuByXA629LElU1VsOUZ6BqhZ42Y3_pHXOUQ', 'https://play-lh.googleusercontent.com/H3zDaFruaGrZ5hgGC-lcBZMu9gNbpY-W-wVCwT1Pnf8CYZNoTjfE7Syhjt8f31UUsg3u', 'https://play-lh.googleusercontent.com/dOzFLYVEfzn-Fhkr4-E3U30FufL9h_prSkr0FsXArO8ZEGjL5-DmeSf9iXT1hT34APs', 'https://play-lh.googleusercontent.com/yaIfFsByhk61exaf6ARyiL3RlhV5w_gWInqWycTWRDNUpuSqkjCJP4siW1oKI367og']",https://www.youtube.com/embed/T_rkoL9vt3g?ps=play&vq=large&rel=0&autohide=1&showinfo=0,https://i.ytimg.com/vi/T_rkoL9vt3g/hqdefault.jpg,Everyone 10+,Fantasy Violence,,False,"Jul 15, 2014",1608058132,2.459.415955,"To make Roblox work better for you, we deliver updates regularly. These updates include bug fixes and improvements for speed and reliability.","To make Roblox work better for you, we deliver updates regularly. These updates include bug fixes and improvements for speed and reliability.",False,com.roblox.client,https://play.google.com/store/apps/details?id=com.roblox.client&hl=en&gl=us
Construction Set - Satisfying Constructor Game,"<b>BUILDING BLOCKS OF FUN</b>

Assemble a wide variety of brick buildings and scenes in this classic constructor game. Start as a baby builder and level your way up to increasingly complex construction sets. This relaxing and satisfying game is sure to bring you back to the imagination and fun of your childhood! üß±üößüòÑ

Flex your creativity and exercise your brain with enjoyable construction puzzles. Writer‚Äôs block or mental block? Bust through it like a ton of bricks with this BLOCKbuster building game! 

<b>BUILD YOUR WORLD BRICK BY BRICK</b>

Follow the simple on-screen guide to create your own brick masterpieces in the form of detailed 3D models! Find the right piece and simply tap to add it to your build. The colorful pieces and lively scenes make this building game a hoot for builders of all ages! 

In Constructor 3D, you never have to worry about losing a piece or prying bricks apart and hurting your fingers, because it‚Äôs all virtual! Get hands-on fun without the clutter or accidentally stepping on toys. Ouch! üò¢

<b>GAME FEATURES:</b>

‚òÖ Dozens of sets and over 200 different interlocking parts. From human figures to intricate vehicles, this constructor game has it all! 

‚òÖ With entertaining construction sets like the Statue of Liberty üóΩ, a battlefield ‚öîÔ∏è, a medieval castle üè∞, ancient Rome üèõÔ∏è, and the inside of a spaceship, you‚Äôll never get bored! Build a pizza delivery boy holding up the Tower of Pisa and dive into trending and topical sets like an election debate scene.

‚òÖ The clear instructions and 3D models ensure you never get stuck. Just find the part you need and plug it into place!

‚òÖ Thanks to the easy-to-use interface, anyone can be an architect! Plus, this game‚Äôs stunning graphics and smooth animations bring the building experience to life.

‚òÖ This satisfying game recreates the joy of assembling real-life construction sets, from cutting open the box and ripping open the bags to putting together the blocks and arranging the finished scenes. The optional vibration setting even replicates the ‚Äúclick‚Äù of real blocks snapping together! Why snap when you can just tap? ‚ú®

‚òÖ Complete a set to unlock special gold packages so you can add new elements with more difficult builds. You never know what you‚Äôre going to find inside! 

Whether you‚Äôre looking for a workout for your mind or yearning for a sense of nostalgia and childish wonder, block off some time to relax and then hit the bricks with this building game! <u>Download Constructor 3D now and start building! üèóÔ∏èüòÄ</u>","<b>BUILDING BLOCKS OF FUN</b><br><br>Assemble a wide variety of brick buildings and scenes in this classic constructor game. Start as a baby builder and level your way up to increasingly complex construction sets. This relaxing and satisfying game is sure to bring you back to the imagination and fun of your childhood! üß±üößüòÑ<br><br>Flex your creativity and exercise your brain with enjoyable construction puzzles. Writer‚Äôs block or mental block? Bust through it like a ton of bricks with this BLOCKbuster building game! <br><br><b>BUILD YOUR WORLD BRICK BY BRICK</b><br><br>Follow the simple on-screen guide to create your own brick masterpieces in the form of detailed 3D models! Find the right piece and simply tap to add it to your build. The colorful pieces and lively scenes make this building game a hoot for builders of all ages! <br><br>In Constructor 3D, you never have to worry about losing a piece or prying bricks apart and hurting your fingers, because it‚Äôs all virtual! Get hands-on fun without the clutter or accidentally stepping on toys. Ouch! üò¢<br><br><b>GAME FEATURES:</b><br><br>‚òÖ Dozens of sets and over 200 different interlocking parts. From human figures to intricate vehicles, this constructor game has it all! <br><br>‚òÖ With entertaining construction sets like the Statue of Liberty üóΩ, a battlefield ‚öîÔ∏è, a medieval castle üè∞, ancient Rome üèõÔ∏è, and the inside of a spaceship, you‚Äôll never get bored! Build a pizza delivery boy holding up the Tower of Pisa and dive into trending and topical sets like an election debate scene.<br><br>‚òÖ The clear instructions and 3D models ensure you never get stuck. Just find the part you need and plug it into place!<br><br>‚òÖ Thanks to the easy-to-use interface, anyone can be an architect! Plus, this game‚Äôs stunning graphics and smooth animations bring the building experience to life.<br><br>‚òÖ This satisfying game recreates the joy of assembling real-life construction sets, from cutting open the box and ripping open the bags to putting together the blocks and arranging the finished scenes. The optional vibration setting even replicates the ‚Äúclick‚Äù of real blocks snapping together! Why snap when you can just tap? ‚ú®<br><br>‚òÖ Complete a set to unlock special gold packages so you can add new elements with more difficult builds. You never know what you‚Äôre going to find inside! <br><br>Whether you‚Äôre looking for a workout for your mind or yearning for a sense of nostalgia and childish wonder, block off some time to relax and then hit the bricks with this building game! <u>Download Constructor 3D now and start building! üèóÔ∏èüòÄ</u>",Build and collect incredible sets of toys from unique blocks and parts!,Build and collect incredible sets of toys from unique blocks and parts!,"5,000,000+",5000000,4.1854143,23302,8834,"[2635, 1037, 1519, 2290, 15821]",0,True,XXX,False,,,,True,$2.99 per item,81M,5.0,5.0 and up,SayGames,SayGames,info@saygames.by,https://saygames.by/,"220088, Republic of Belarus, Minsk, Antonovskaya 14b, office 300",,6298813763312919073,Puzzle,GAME_PUZZLE,https://play-lh.googleusercontent.com/NxONNMiIiOLp5OlQVCc3Pyj4CIzXK1FMQsC5i3ZEC_xXpNoY08npRhFlnuQFwwi5,https://play-lh.googleusercontent.com/blnx0ygnPHmhPP3QkfpkIW7NjoyuVx_FreZr4iBtmHdsCGDJoQjGqO-7g2ouwgm2RRdC,"['https://play-lh.googleusercontent.com/TTu2ctORFTwkBttBuuMXQNwV-POttJnwRGwnEmCYD3S4y6SyJMxYH20alZNPMSoF8Q', 'https://play-lh.googleusercontent.com/svPQILdtHyb17GVFbiUhNmk7jZndf4CQ1XB5um9nh9mNbJ_fh4z6pUbj6JEv9ftzdI8', 'https://play-lh.googleusercontent.com/kDIg3xuNLfONe23UJX0pBHssNEmNRlokJOteYozLvuvflsUmJD_T88JS_hKON_trbA', 'https://play-lh.googleusercontent.com/Nj6VWUR30iO56bZ-zMRhilb3qircgKYGNOd50O_QPiR6C4NgUQUqmLR9xy5-VC6M34E', 'https://play-lh.googleusercontent.com/Ja2CW9bmnsv0uxAlo_Fa3COFBns3viKtEBntL2SfGWy8UXiHELaoWoiEDiHtJjo0WQ0', 'https://play-lh.googleusercontent.com/cv4mzsN4XTi9v_BaBpbzZx8EAEDFXX50MVdJ4MXb6UBoqVNo2YQGI93G8HOmzO-2-41q', 'https://play-lh.googleusercontent.com/c73JBVx4mmMG4-SkRKgyGh312pS7aoeKp0swTws78wv6RncANRwVlEoLS98QD3UvBA', 'https://play-lh.googleusercontent.com/vGQd_ofJ9A2swQ53C19SSVoKsYwVswfTBThumE2FHO0qUwsxpOI75_X3JeA857AxkQ', 'https://play-lh.googleusercontent.com/2jOLlUto1Y_EXj1uPKUdbH4GAFVSzmSds1PKiy3FuSvHydwfsg3_gW2cbVhvum6BzzM', 'https://play-lh.googleusercontent.com/FeeFS38Z8boHBsva27ghJp9Kdfc3doaRkSpFANIP9peLn9YR7IFBtAV0i8-WeeTIe8s', 'https://play-lh.googleusercontent.com/vY7Y2YyT-kzyeyiN1EBZpxNWRw0M7nfbik_JPnH0uHXdERApKyoJe18eIR8cen-ZfmE', 'https://play-lh.googleusercontent.com/OPFG5RLzIgumR58Dx5Z9ib9oV9kMLiVvGpGZ2R3AHKZdu5l3ooPx5PL-RjF_1WgQfNPn', 'https://play-lh.googleusercontent.com/zBrggvkrFiZiZCsoLYkguzbBw9spjE97Fgrwov3ZX96cR5v5_jRipazdUfO9lUcoJw', 'https://play-lh.googleusercontent.com/dv0Mf1wSB-PcEXfqT467M-04vD-X4ABJpSRuhzWP6HEeoOep3kqWHbHBeL3rBF_20Ws', 'https://play-lh.googleusercontent.com/4IYzeZaDePCSQ46yaNP1bCOegXreC4xy70okO0zMEfmRE0DVJRDyss7ashlYssWTZsc']",,,Everyone,,True,True,"Oct 13, 2020",1609288508,1.1.6,New locations and gold packages added!,New locations and gold packages added!,False,com.constructor.games,https://play.google.com/store/apps/details?id=com.constructor.games&hl=en&gl=us
Jump Dunk 3D,"Score the ball into the basket while jumping on trampoline!

Tap-tap easy-to-learn controls with addictive gameplay mechanic!",Score the ball into the basket while jumping on trampoline!<br><br>Tap-tap easy-to-learn controls with addictive gameplay mechanic!,Score the ball into the basket while jumping on trampoline!,Score the ball into the basket while jumping on trampoline!,"5,000,000+",5000000,3.9342241,13950,4642,"[2466, 638, 817, 1455, 8574]",0,True,XXX,False,,,,True,$3.49 per item,85M,4.4,4.4 and up,VOODOO,VOODOO,jumpdunk3d@gmail.com,http://www.voodoo.io,"4 rue Jules Lefebvre, 75009 Paris",https://www.voodoo.io/privacy,8306041507631589049,Action,GAME_ACTION,https://play-lh.googleusercontent.com/ShEyq3EA2g4o5wpZ34mz1xqGdA8R4Vs6SgagieE9gzeuTLWesPV3T7vZINlFnNpOJ2c,https://play-lh.googleusercontent.com/LorsXrRy8MIZt_duMjWB2h25ZPXe1Ju9PYOhGA46JYkt3fd0EjpXUyZ2ph4xs7pzxfvO,"['https://play-lh.googleusercontent.com/fVbG1rdReMyg91nKNV-oyZgtN9ju-T6JHZFu4t800-ZegBWbgbED1dYGfiigObQoTZsi', 'https://play-lh.googleusercontent.com/kBb7ObXjJqpWDVnmuMt1yeTrqeAoWPtbq7ZBPOSf4i-3No-PaD33VnLE33pGpPflaU8', 'https://play-lh.googleusercontent.com/xV2JWXvfuAwykNyft5rtGAGlsulogR2QXqVJ5OHTpRKIrf-eX3tfFmXPX0XnIlCsnzQ', 'https://play-lh.googleusercontent.com/ul_Ncelhc29OR1Gtch0Hk6KQ0LI2dXeVO2AGOvLGiZ3z-lgO8md6aUEtn-bjn0FrQwI', 'https://play-lh.googleusercontent.com/h_pauNIePaDyck-_6fDKwIsuOv6rYVQV2s9i9PGgEqbNtcVTVlGmt0F-1N_wPgL2_8c', 'https://play-lh.googleusercontent.com/qNvG-_xfsRSnsiL0TzDDlSp_jnHA0dqLNWSlcZMqoIgZKpYqdHonH0MGyOBLRZLBbeY', 'https://play-lh.googleusercontent.com/N1FrJXYLikwTPVO9xfe7FopAUwG-zuy6QL4NrnSLbHkyYvKVrJM0ik1pq4g9IOSMGt4', 'https://play-lh.googleusercontent.com/drvsumheH4yka0V81Fff_kmVG4MLmC06WY73B8K_rroLhiMqXoeRlJ0cvFgHNTXK_5M', 'https://play-lh.googleusercontent.com/0sxPaeiHuxUTjxiwApL_9xCo4x7H_oa69Y3YIWXF3LumFgBK8aSjORLKoFVa_fZl3Qo', 'https://play-lh.googleusercontent.com/B55ERdK_R8tV-ejmbGgJUKWgw9Gl3iPAR7gFu2-zgVjrEw_LMARu79wh1y_RHWHoqSg', 'https://play-lh.googleusercontent.com/5ASo4j5-ZbHFiNbd6LCvfi1Qp4tykXIAAZfNdheUVkhYF7BGaV6VgxXU85rH0b7Zcg', 'https://play-lh.googleusercontent.com/5965SngFS9wTrgRgtSZl-q335Civoxj9SEIK1BxPgksAvOQDXcLKWlvRpzxe_TYMb0E']",,,Everyone,,True,True,"Dec 4, 2020",1609412326,1.7,new release,new release,False,com.studio501.jumpdunk,https://play.google.com/store/apps/details?id=com.studio501.jumpdunk&hl=en&gl=us
Fat Pusher,"Swipe your finger to guide your character and break the boxes.
Eat all foods and collect coins to make the fattest pusher ever!
Collect all coins and upgrade skills.
Very easy to play and fun!",Swipe your finger to guide your character and break the boxes.<br>Eat all foods and collect coins to make the fattest pusher ever!<br>Collect all coins and upgrade skills.<br>Very easy to play and fun!,Push it until you make it!,Push it until you make it!,"10,000,000+",10000000,3.632678,13518,6526,"[3413, 681, 896, 996, 7532]",0,True,XXX,False,,,,True,$3.49 per item,54M,4.4,4.4 and up,VOODOO,VOODOO,support@voodoo.io,https://www.voodoo.io,"4 rue Jules Lefebvre, 75009 Paris",https://www.voodoo.io/privacy,8306041507631589049,Arcade,GAME_ARCADE,https://play-lh.googleusercontent.com/83piR0M4PQIm-BlT6bDf-j7SlU60hzbR5P2KRhu7ymILB3h3uBGrxPbnlxZOCRTvjA,https://play-lh.googleusercontent.com/euLcc0WAhF5u6XKnH1c_X53fHP33PfNBLYCar7AtjwHQTPOI2wDwtkcfxnoV27ZzjPs,"['https://play-lh.googleusercontent.com/I-v7wGaF-4jAfYGIxYcGSaXNACswvco88upcn2rJR_fniHMRdiSneaB4LOvp85Tjtfk', 'https://play-lh.googleusercontent.com/1RyvAUT1Q4pUgLed0Agc8Vda2vNAiDjWO9yCFG9lJcCxfgYsNrPXVrL_U8qsnn4JzJY', 'https://play-lh.googleusercontent.com/8qjNzN5mZFxWP8a3srzNV-o9jeGX08bm5w44SRj7crY7BnBz4y9D16peOIKp9qRtM24', 'https://play-lh.googleusercontent.com/nESAV9j9sYw-wkSDtS1xFbi6G4fWYYYobjTANUJaNGocnRPzTU4JDB9laL8GmsA8BmI', 'https://play-lh.googleusercontent.com/6GFR1k163pvodkMBIklwHfu_mXL5VTMQVfb5oHYl4LjUpczefDRevmGnASiN71NGsPc', 'https://play-lh.googleusercontent.com/THo7-5PhwqNBTJkj1Z9d86fWNP344L4Jau01UW40kkatDCB9g6sXgY0S7V5iRFxnB2B6', 'https://play-lh.googleusercontent.com/q2e5R72ix7WKqo1KykMW7UxqTqlQSxCUyRS9i1VPV6h-Bgj4zh72zdepuDjHthqvkig', 'https://play-lh.googleusercontent.com/T50ROdHP2prP6maCPJoBj3W4jJ-f0DGd5vgW6dgPShqIqrgUTTge30XNkeX9KJGuyg', 'https://play-lh.googleusercontent.com/qAfM6A-8SQvSSJR8QmXBIk_NhFB8yLOcEwGy_eTt7lbh6JfAiMac8VYhYj4dJcdwMg', 'https://play-lh.googleusercontent.com/tvrTvFjVGHWn9TRHW4yCZdij3-4nK7bGIqiQvAzl2c5uHb2KXPktboCe11MRIjWkAQ', 'https://play-lh.googleusercontent.com/Xbv0GdqCErvVnKdi1K6pHGBQnFIfgo930BZIQf0xTzQZBc66j5ysnYT8cDOMIUk25A', 'https://play-lh.googleusercontent.com/TNFp4sxG3AQ8mSCqYnPnQIjLY0FEuCe0UiAaJXmQOKdad4OXZT4u7UucSwUDpQl1FX8', 'https://play-lh.googleusercontent.com/1j_NWRXltptlomg6YZveO1__ZlQKMCXNczRvNK1Au7doghXNaDJEYqPkdqTacztPLw', 'https://play-lh.googleusercontent.com/NpF_oUrX9EJdOzaJCUZ4xDnCt6YnsmGmO4XiRRlt5yo8HIOaVWt5h_hhljZ3J9YJ-fw', 'https://play-lh.googleusercontent.com/vEpMenFbH-KFussaTzFPRT5axS2S28yjHDNsOZ7Lkd_syO52HDURWknsDvzygnLhIQ']",,,Everyone,,True,True,"Nov 25, 2020",1609842509,1.20,"Revamped end blob launch, with more rewards! Food size increased by 0.01%, but is still as tasty as before.","Revamped end blob launch, with more rewards! Food size increased by 0.01%, but is still as tasty as before.",False,com.mglstudio.boyvsblocks,https://play.google.com/store/apps/details?id=com.mglstudio.boyvsblocks&hl=en&gl=us
